NOMBRE-PROCESO;TIPO;COMPORTAMIENTO;T_DE_LLEGADA
consultar_validez_mensaje-1;D;2,2;0
calc_puntaje_mensaje-1;A;3,6,3;2
firmar_mensaje-1;B;6,1,2;4
calc_nivel_confianza-1;C;5,2,5;6
calc_premio-1;E;10,5,10,5;12
consultar_validez_mensaje-2;D;2,2;0
calc_puntaje_mensaje-2;A;3,6,3;2
firmar_mensaje-2;B;6,1,2;4
calc_nivel_confianza-2;C;5,2,5;6
calc_premio-2;E;10,5,10,5;12
consultar_validez_mensaje-3;D;2,2;0
calc_puntaje_mensaje-3;A;3,6,3;2
firmar_mensaje-3;B;6,1,2;4
calc_nivel_confianza-1;C;5,2,5;6
calc_premio-1;E;10,5,10,5;12
firmar_mensaje-0;B;3,6,3;2
calc_puntaje_mensaje-1;A;6,1,2;3
calc_premio-2;E;10,5,10,5;6
firmar_mensaje-3;B;3,6,3;10
consultar_validez_mensaje-4;D;2,2;11
calc_premio-5;E;10,5,10,5;11
calc_nivel_confianza-6;C;5,2,5;13
consultar_validez_mensaje-7;D;2,2;17
calc_nivel_confianza-8;C;5,2,5;18
calc_premio-9;E;10,5,10,5;21
consultar_validez_mensaje-10;D;2,2;23
calc_nivel_confianza-11;C;5,2,5;28
consultar_validez_mensaje-12;D;2,2;30
calc_premio-13;E;10,5,10,5;35
calc_puntaje_mensaje-14;A;6,1,2;36
consultar_validez_mensaje-15;D;2,2;41
calc_puntaje_mensaje-16;A;6,1,2;43
calc_nivel_confianza-17;C;5,2,5;46
consultar_validez_mensaje-18;D;2,2;51
calc_nivel_confianza-19;C;5,2,5;52
calc_premio-20;E;10,5,10,5;55
calc_nivel_confianza-21;C;5,2,5;59
calc_puntaje_mensaje-22;A;6,1,2;61
calc_premio-23;E;10,5,10,5;61
calc_premio-24;E;10,5,10,5;63
calc_premio-25;E;10,5,10,5;64
consultar_validez_mensaje-26;D;2,2;69
firmar_mensaje-27;B;3,6,3;71
firmar_mensaje-28;B;3,6,3;74
calc_puntaje_mensaje-29;A;6,1,2;78
calc_nivel_confianza-30;C;5,2,5;80
consultar_validez_mensaje-31;D;2,2;83
calc_nivel_confianza-32;C;5,2,5;83
calc_nivel_confianza-33;C;5,2,5;88
calc_puntaje_mensaje-34;A;6,1,2;93
consultar_validez_mensaje-35;D;2,2;98
consultar_validez_mensaje-36;D;2,2;98
consultar_validez_mensaje-37;D;2,2;99
calc_premio-38;E;10,5,10,5;104
calc_puntaje_mensaje-39;A;6,1,2;105
calc_nivel_confianza-40;C;5,2,5;106
calc_premio-41;E;10,5,10,5;108
consultar_validez_mensaje-42;D;2,2;110
calc_premio-43;E;10,5,10,5;114
calc_premio-44;E;10,5,10,5;116
consultar_validez_mensaje-45;D;2,2;120
calc_puntaje_mensaje-46;A;6,1,2;123
firmar_mensaje-47;B;3,6,3;126
calc_puntaje_mensaje-48;A;6,1,2;131
calc_premio-49;E;10,5,10,5;136
calc_nivel_confianza-50;C;5,2,5;139
calc_premio-51;E;10,5,10,5;142
calc_nivel_confianza-52;C;5,2,5;146
calc_puntaje_mensaje-53;A;6,1,2;148
firmar_mensaje-54;B;3,6,3;152
consultar_validez_mensaje-55;D;2,2;153
calc_premio-56;E;10,5,10,5;156
consultar_validez_mensaje-57;D;2,2;159
consultar_validez_mensaje-58;D;2,2;163
calc_premio-59;E;10,5,10,5;165
calc_premio-60;E;10,5,10,5;166
calc_nivel_confianza-61;C;5,2,5;168
firmar_mensaje-62;B;3,6,3;168
calc_puntaje_mensaje-63;A;6,1,2;173
firmar_mensaje-64;B;3,6,3;173
calc_nivel_confianza-65;C;5,2,5;177
calc_premio-66;E;10,5,10,5;179
calc_puntaje_mensaje-67;A;6,1,2;182
firmar_mensaje-68;B;3,6,3;184
calc_puntaje_mensaje-69;A;6,1,2;189
firmar_mensaje-70;B;3,6,3;191
consultar_validez_mensaje-71;D;2,2;196
consultar_validez_mensaje-72;D;2,2;196
calc_nivel_confianza-73;C;5,2,5;201
calc_nivel_confianza-74;C;5,2,5;205
firmar_mensaje-75;B;3,6,3;208
calc_premio-76;E;10,5,10,5;210
calc_puntaje_mensaje-77;A;6,1,2;212
calc_puntaje_mensaje-78;A;6,1,2;215
consultar_validez_mensaje-79;D;2,2;220
consultar_validez_mensaje-80;D;2,2;224
calc_nivel_confianza-81;C;5,2,5;226
calc_premio-82;E;10,5,10,5;229
consultar_validez_mensaje-83;D;2,2;230
consultar_validez_mensaje-84;D;2,2;235
firmar_mensaje-85;B;3,6,3;239
calc_premio-86;E;10,5,10,5;241
calc_premio-87;E;10,5,10,5;242
calc_nivel_confianza-88;C;5,2,5;245
calc_puntaje_mensaje-89;A;6,1,2;246
calc_premio-90;E;10,5,10,5;249
firmar_mensaje-91;B;3,6,3;250
consultar_validez_mensaje-92;D;2,2;254
firmar_mensaje-93;B;3,6,3;257
calc_premio-94;E;10,5,10,5;258
firmar_mensaje-95;B;3,6,3;260
calc_puntaje_mensaje-96;A;6,1,2;265
consultar_validez_mensaje-97;D;2,2;268
calc_nivel_confianza-98;C;5,2,5;269
firmar_mensaje-99;B;3,6,3;273
firmar_mensaje-100;B;3,6,3;273
calc_nivel_confianza-101;C;5,2,5;278
consultar_validez_mensaje-102;D;2,2;283
calc_nivel_confianza-103;C;5,2,5;285
calc_premio-104;E;10,5,10,5;286
calc_puntaje_mensaje-105;A;6,1,2;291
firmar_mensaje-106;B;3,6,3;296
consultar_validez_mensaje-107;D;2,2;298
consultar_validez_mensaje-108;D;2,2;298
calc_puntaje_mensaje-109;A;6,1,2;301
calc_nivel_confianza-110;C;5,2,5;306
calc_premio-111;E;10,5,10,5;311
firmar_mensaje-112;B;3,6,3;311
calc_nivel_confianza-113;C;5,2,5;312
calc_puntaje_mensaje-114;A;6,1,2;312
firmar_mensaje-115;B;3,6,3;316
firmar_mensaje-116;B;3,6,3;320
calc_puntaje_mensaje-117;A;6,1,2;325
calc_nivel_confianza-118;C;5,2,5;328
calc_puntaje_mensaje-119;A;6,1,2;330
calc_premio-120;E;10,5,10,5;330
calc_nivel_confianza-121;C;5,2,5;335
firmar_mensaje-122;B;3,6,3;339
firmar_mensaje-123;B;3,6,3;342
consultar_validez_mensaje-124;D;2,2;342
calc_premio-125;E;10,5,10,5;347
calc_puntaje_mensaje-126;A;6,1,2;349
firmar_mensaje-127;B;3,6,3;354
consultar_validez_mensaje-128;D;2,2;359
consultar_validez_mensaje-129;D;2,2;362
calc_premio-130;E;10,5,10,5;364
calc_nivel_confianza-131;C;5,2,5;364
firmar_mensaje-132;B;3,6,3;367
firmar_mensaje-133;B;3,6,3;368
calc_nivel_confianza-134;C;5,2,5;373
calc_nivel_confianza-135;C;5,2,5;378
calc_puntaje_mensaje-136;A;6,1,2;381
calc_nivel_confianza-137;C;5,2,5;386
calc_nivel_confianza-138;C;5,2,5;389
consultar_validez_mensaje-139;D;2,2;391
calc_puntaje_mensaje-140;A;6,1,2;391
calc_premio-141;E;10,5,10,5;392
calc_premio-142;E;10,5,10,5;394
calc_premio-143;E;10,5,10,5;398
consultar_validez_mensaje-144;D;2,2;402
firmar_mensaje-145;B;3,6,3;404
calc_puntaje_mensaje-146;A;6,1,2;409
calc_premio-147;E;10,5,10,5;414
calc_nivel_confianza-148;C;5,2,5;415
calc_puntaje_mensaje-149;A;6,1,2;418
calc_nivel_confianza-150;C;5,2,5;420
firmar_mensaje-151;B;3,6,3;421
firmar_mensaje-152;B;3,6,3;423
firmar_mensaje-153;B;3,6,3;427
firmar_mensaje-154;B;3,6,3;432
calc_puntaje_mensaje-155;A;6,1,2;434
calc_premio-156;E;10,5,10,5;439
calc_premio-157;E;10,5,10,5;441
consultar_validez_mensaje-158;D;2,2;446
calc_puntaje_mensaje-159;A;6,1,2;448
calc_nivel_confianza-160;C;5,2,5;452
calc_puntaje_mensaje-161;A;6,1,2;457
firmar_mensaje-162;B;3,6,3;461
calc_premio-163;E;10,5,10,5;465
firmar_mensaje-164;B;3,6,3;470
consultar_validez_mensaje-165;D;2,2;475
firmar_mensaje-166;B;3,6,3;480
consultar_validez_mensaje-167;D;2,2;482
firmar_mensaje-168;B;3,6,3;483
firmar_mensaje-169;B;3,6,3;483
consultar_validez_mensaje-170;D;2,2;485
consultar_validez_mensaje-171;D;2,2;488
firmar_mensaje-172;B;3,6,3;492
calc_puntaje_mensaje-173;A;6,1,2;494
consultar_validez_mensaje-174;D;2,2;497
calc_puntaje_mensaje-175;A;6,1,2;500
calc_puntaje_mensaje-176;A;6,1,2;500
firmar_mensaje-177;B;3,6,3;502
calc_premio-178;E;10,5,10,5;502
calc_nivel_confianza-179;C;5,2,5;502
calc_premio-180;E;10,5,10,5;505
calc_premio-181;E;10,5,10,5;505
consultar_validez_mensaje-182;D;2,2;509
consultar_validez_mensaje-183;D;2,2;512
calc_nivel_confianza-184;C;5,2,5;515
calc_nivel_confianza-185;C;5,2,5;519
calc_nivel_confianza-186;C;5,2,5;521
calc_puntaje_mensaje-187;A;6,1,2;523
calc_puntaje_mensaje-188;A;6,1,2;527
firmar_mensaje-189;B;3,6,3;530
consultar_validez_mensaje-190;D;2,2;535
calc_nivel_confianza-191;C;5,2,5;536
consultar_validez_mensaje-192;D;2,2;541
firmar_mensaje-193;B;3,6,3;545
firmar_mensaje-194;B;3,6,3;545
calc_premio-195;E;10,5,10,5;547
firmar_mensaje-196;B;3,6,3;547
firmar_mensaje-197;B;3,6,3;552
firmar_mensaje-198;B;3,6,3;552
firmar_mensaje-199;B;3,6,3;552
firmar_mensaje-200;B;3,6,3;553
calc_nivel_confianza-201;C;5,2,5;554
calc_puntaje_mensaje-202;A;6,1,2;557
calc_premio-203;E;10,5,10,5;562
consultar_validez_mensaje-204;D;2,2;565
calc_nivel_confianza-205;C;5,2,5;565
calc_premio-206;E;10,5,10,5;568
calc_nivel_confianza-207;C;5,2,5;568
consultar_validez_mensaje-208;D;2,2;571
calc_nivel_confianza-209;C;5,2,5;575
firmar_mensaje-210;B;3,6,3;576
firmar_mensaje-211;B;3,6,3;577
calc_puntaje_mensaje-212;A;6,1,2;577
calc_nivel_confianza-213;C;5,2,5;581
calc_nivel_confianza-214;C;5,2,5;582
consultar_validez_mensaje-215;D;2,2;583
calc_puntaje_mensaje-216;A;6,1,2;583
calc_premio-217;E;10,5,10,5;583
calc_nivel_confianza-218;C;5,2,5;586
calc_nivel_confianza-219;C;5,2,5;589
firmar_mensaje-220;B;3,6,3;592
firmar_mensaje-221;B;3,6,3;596
firmar_mensaje-222;B;3,6,3;596
consultar_validez_mensaje-223;D;2,2;597
calc_nivel_confianza-224;C;5,2,5;597
calc_puntaje_mensaje-225;A;6,1,2;602
consultar_validez_mensaje-226;D;2,2;605
calc_premio-227;E;10,5,10,5;607
calc_puntaje_mensaje-228;A;6,1,2;607
calc_nivel_confianza-229;C;5,2,5;607
calc_premio-230;E;10,5,10,5;612
calc_puntaje_mensaje-231;A;6,1,2;612
calc_premio-232;E;10,5,10,5;617
calc_nivel_confianza-233;C;5,2,5;622
calc_nivel_confianza-234;C;5,2,5;626
firmar_mensaje-235;B;3,6,3;629
firmar_mensaje-236;B;3,6,3;630
calc_premio-237;E;10,5,10,5;631
calc_premio-238;E;10,5,10,5;636
consultar_validez_mensaje-239;D;2,2;639
calc_nivel_confianza-240;C;5,2,5;639
consultar_validez_mensaje-241;D;2,2;642
firmar_mensaje-242;B;3,6,3;647
calc_premio-243;E;10,5,10,5;652
firmar_mensaje-244;B;3,6,3;653
calc_puntaje_mensaje-245;A;6,1,2;658
firmar_mensaje-246;B;3,6,3;658
consultar_validez_mensaje-247;D;2,2;661
consultar_validez_mensaje-248;D;2,2;666
calc_premio-249;E;10,5,10,5;669
consultar_validez_mensaje-250;D;2,2;672
calc_premio-251;E;10,5,10,5;675
calc_nivel_confianza-252;C;5,2,5;677
calc_premio-253;E;10,5,10,5;679
calc_premio-254;E;10,5,10,5;683
calc_puntaje_mensaje-255;A;6,1,2;688
firmar_mensaje-256;B;3,6,3;689
calc_nivel_confianza-257;C;5,2,5;694
consultar_validez_mensaje-258;D;2,2;695
consultar_validez_mensaje-259;D;2,2;696
consultar_validez_mensaje-260;D;2,2;699
calc_nivel_confianza-261;C;5,2,5;699
calc_premio-262;E;10,5,10,5;700
calc_puntaje_mensaje-263;A;6,1,2;704
calc_nivel_confianza-264;C;5,2,5;704
calc_premio-265;E;10,5,10,5;705
consultar_validez_mensaje-266;D;2,2;706
calc_puntaje_mensaje-267;A;6,1,2;710
calc_nivel_confianza-268;C;5,2,5;712
calc_premio-269;E;10,5,10,5;714
calc_puntaje_mensaje-270;A;6,1,2;717
calc_puntaje_mensaje-271;A;6,1,2;718
consultar_validez_mensaje-272;D;2,2;723
calc_puntaje_mensaje-273;A;6,1,2;728
calc_nivel_confianza-274;C;5,2,5;732
firmar_mensaje-275;B;3,6,3;734
calc_nivel_confianza-276;C;5,2,5;734
calc_puntaje_mensaje-277;A;6,1,2;736
consultar_validez_mensaje-278;D;2,2;738
consultar_validez_mensaje-279;D;2,2;741
firmar_mensaje-280;B;3,6,3;743
consultar_validez_mensaje-281;D;2,2;745
calc_puntaje_mensaje-282;A;6,1,2;749
calc_nivel_confianza-283;C;5,2,5;754
consultar_validez_mensaje-284;D;2,2;755
firmar_mensaje-285;B;3,6,3;760
firmar_mensaje-286;B;3,6,3;762
calc_nivel_confianza-287;C;5,2,5;764
calc_puntaje_mensaje-288;A;6,1,2;764
calc_premio-289;E;10,5,10,5;767
calc_nivel_confianza-290;C;5,2,5;771
consultar_validez_mensaje-291;D;2,2;771
calc_nivel_confianza-292;C;5,2,5;771
calc_premio-293;E;10,5,10,5;771
consultar_validez_mensaje-294;D;2,2;773
firmar_mensaje-295;B;3,6,3;774
firmar_mensaje-296;B;3,6,3;777
firmar_mensaje-297;B;3,6,3;777
consultar_validez_mensaje-298;D;2,2;781
calc_nivel_confianza-299;C;5,2,5;781
calc_nivel_confianza-300;C;5,2,5;786
calc_premio-301;E;10,5,10,5;791
calc_premio-302;E;10,5,10,5;791
calc_puntaje_mensaje-303;A;6,1,2;792
calc_puntaje_mensaje-304;A;6,1,2;795
firmar_mensaje-305;B;3,6,3;799
firmar_mensaje-306;B;3,6,3;801
calc_premio-307;E;10,5,10,5;802
consultar_validez_mensaje-308;D;2,2;803
calc_nivel_confianza-309;C;5,2,5;803
firmar_mensaje-310;B;3,6,3;805
calc_nivel_confianza-311;C;5,2,5;809
calc_premio-312;E;10,5,10,5;809
firmar_mensaje-313;B;3,6,3;811
firmar_mensaje-314;B;3,6,3;813
firmar_mensaje-315;B;3,6,3;814
calc_puntaje_mensaje-316;A;6,1,2;819
firmar_mensaje-317;B;3,6,3;823
firmar_mensaje-318;B;3,6,3;826
consultar_validez_mensaje-319;D;2,2;830
calc_puntaje_mensaje-320;A;6,1,2;833
consultar_validez_mensaje-321;D;2,2;838
calc_puntaje_mensaje-322;A;6,1,2;842
calc_premio-323;E;10,5,10,5;845
calc_nivel_confianza-324;C;5,2,5;848
consultar_validez_mensaje-325;D;2,2;852
calc_nivel_confianza-326;C;5,2,5;855
calc_puntaje_mensaje-327;A;6,1,2;858
firmar_mensaje-328;B;3,6,3;863
calc_nivel_confianza-329;C;5,2,5;867
calc_premio-330;E;10,5,10,5;868
calc_premio-331;E;10,5,10,5;873
calc_nivel_confianza-332;C;5,2,5;873
calc_premio-333;E;10,5,10,5;874
calc_nivel_confianza-334;C;5,2,5;879
calc_nivel_confianza-335;C;5,2,5;880
consultar_validez_mensaje-336;D;2,2;881
consultar_validez_mensaje-337;D;2,2;886
firmar_mensaje-338;B;3,6,3;887
consultar_validez_mensaje-339;D;2,2;887
calc_premio-340;E;10,5,10,5;887
calc_nivel_confianza-341;C;5,2,5;892
firmar_mensaje-342;B;3,6,3;893
calc_nivel_confianza-343;C;5,2,5;898
calc_nivel_confianza-344;C;5,2,5;903
calc_puntaje_mensaje-345;A;6,1,2;907
firmar_mensaje-346;B;3,6,3;911
consultar_validez_mensaje-347;D;2,2;914
firmar_mensaje-348;B;3,6,3;918
firmar_mensaje-349;B;3,6,3;919
calc_puntaje_mensaje-350;A;6,1,2;924
calc_puntaje_mensaje-351;A;6,1,2;927
calc_nivel_confianza-352;C;5,2,5;931
consultar_validez_mensaje-353;D;2,2;933
calc_puntaje_mensaje-354;A;6,1,2;936
calc_premio-355;E;10,5,10,5;938
consultar_validez_mensaje-356;D;2,2;942
firmar_mensaje-357;B;3,6,3;942
calc_premio-358;E;10,5,10,5;943
calc_premio-359;E;10,5,10,5;946
consultar_validez_mensaje-360;D;2,2;949
calc_premio-361;E;10,5,10,5;949
calc_puntaje_mensaje-362;A;6,1,2;953
calc_puntaje_mensaje-363;A;6,1,2;957
consultar_validez_mensaje-364;D;2,2;962
firmar_mensaje-365;B;3,6,3;967
calc_premio-366;E;10,5,10,5;968
firmar_mensaje-367;B;3,6,3;968
calc_premio-368;E;10,5,10,5;971
calc_premio-369;E;10,5,10,5;976
consultar_validez_mensaje-370;D;2,2;979
firmar_mensaje-371;B;3,6,3;984
calc_puntaje_mensaje-372;A;6,1,2;987
calc_premio-373;E;10,5,10,5;989
firmar_mensaje-374;B;3,6,3;990
calc_puntaje_mensaje-375;A;6,1,2;994
calc_premio-376;E;10,5,10,5;995
calc_puntaje_mensaje-377;A;6,1,2;1000
calc_puntaje_mensaje-378;A;6,1,2;1001
calc_nivel_confianza-379;C;5,2,5;1001
calc_premio-380;E;10,5,10,5;1001
calc_premio-381;E;10,5,10,5;1006
calc_premio-382;E;10,5,10,5;1007
firmar_mensaje-383;B;3,6,3;1007
calc_nivel_confianza-384;C;5,2,5;1008
calc_premio-385;E;10,5,10,5;1012
consultar_validez_mensaje-386;D;2,2;1015
consultar_validez_mensaje-387;D;2,2;1017
calc_premio-388;E;10,5,10,5;1017
calc_nivel_confianza-389;C;5,2,5;1019
calc_puntaje_mensaje-390;A;6,1,2;1022
consultar_validez_mensaje-391;D;2,2;1024
firmar_mensaje-392;B;3,6,3;1027
calc_premio-393;E;10,5,10,5;1031
consultar_validez_mensaje-394;D;2,2;1032
calc_puntaje_mensaje-395;A;6,1,2;1037
consultar_validez_mensaje-396;D;2,2;1038
firmar_mensaje-397;B;3,6,3;1043
calc_premio-398;E;10,5,10,5;1046
calc_nivel_confianza-399;C;5,2,5;1051
calc_premio-400;E;10,5,10,5;1051
calc_puntaje_mensaje-401;A;6,1,2;1052
consultar_validez_mensaje-402;D;2,2;1054
calc_nivel_confianza-403;C;5,2,5;1055
firmar_mensaje-404;B;3,6,3;1060
calc_puntaje_mensaje-405;A;6,1,2;1061
calc_premio-406;E;10,5,10,5;1062
calc_nivel_confianza-407;C;5,2,5;1063
firmar_mensaje-408;B;3,6,3;1063
firmar_mensaje-409;B;3,6,3;1067
calc_nivel_confianza-410;C;5,2,5;1072
firmar_mensaje-411;B;3,6,3;1073
calc_nivel_confianza-412;C;5,2,5;1075
calc_premio-413;E;10,5,10,5;1080
calc_puntaje_mensaje-414;A;6,1,2;1082
calc_puntaje_mensaje-415;A;6,1,2;1082
calc_nivel_confianza-416;C;5,2,5;1086
calc_nivel_confianza-417;C;5,2,5;1090
consultar_validez_mensaje-418;D;2,2;1092
consultar_validez_mensaje-419;D;2,2;1097
calc_puntaje_mensaje-420;A;6,1,2;1102
firmar_mensaje-421;B;3,6,3;1103
calc_premio-422;E;10,5,10,5;1105
calc_puntaje_mensaje-423;A;6,1,2;1105
firmar_mensaje-424;B;3,6,3;1107
firmar_mensaje-425;B;3,6,3;1108
calc_premio-426;E;10,5,10,5;1109
calc_puntaje_mensaje-427;A;6,1,2;1113
calc_premio-428;E;10,5,10,5;1113
calc_puntaje_mensaje-429;A;6,1,2;1115
consultar_validez_mensaje-430;D;2,2;1119
consultar_validez_mensaje-431;D;2,2;1121
consultar_validez_mensaje-432;D;2,2;1126
calc_nivel_confianza-433;C;5,2,5;1128
calc_puntaje_mensaje-434;A;6,1,2;1128
calc_premio-435;E;10,5,10,5;1129
calc_nivel_confianza-436;C;5,2,5;1131
firmar_mensaje-437;B;3,6,3;1134
consultar_validez_mensaje-438;D;2,2;1136
firmar_mensaje-439;B;3,6,3;1138
calc_nivel_confianza-440;C;5,2,5;1141
calc_nivel_confianza-441;C;5,2,5;1141
calc_nivel_confianza-442;C;5,2,5;1144
consultar_validez_mensaje-443;D;2,2;1148
calc_premio-444;E;10,5,10,5;1148
firmar_mensaje-445;B;3,6,3;1149
consultar_validez_mensaje-446;D;2,2;1150
calc_premio-447;E;10,5,10,5;1155
consultar_validez_mensaje-448;D;2,2;1160
calc_nivel_confianza-449;C;5,2,5;1162
consultar_validez_mensaje-450;D;2,2;1162
calc_premio-451;E;10,5,10,5;1166
firmar_mensaje-452;B;3,6,3;1168
firmar_mensaje-453;B;3,6,3;1169
calc_premio-454;E;10,5,10,5;1169
consultar_validez_mensaje-455;D;2,2;1170
firmar_mensaje-456;B;3,6,3;1170
consultar_validez_mensaje-457;D;2,2;1171
calc_puntaje_mensaje-458;A;6,1,2;1175
calc_premio-459;E;10,5,10,5;1177
firmar_mensaje-460;B;3,6,3;1177
calc_puntaje_mensaje-461;A;6,1,2;1182
calc_premio-462;E;10,5,10,5;1186
consultar_validez_mensaje-463;D;2,2;1189
firmar_mensaje-464;B;3,6,3;1193
calc_premio-465;E;10,5,10,5;1197
calc_nivel_confianza-466;C;5,2,5;1199
calc_nivel_confianza-467;C;5,2,5;1204
calc_puntaje_mensaje-468;A;6,1,2;1207
calc_puntaje_mensaje-469;A;6,1,2;1209
firmar_mensaje-470;B;3,6,3;1214
firmar_mensaje-471;B;3,6,3;1215
calc_nivel_confianza-472;C;5,2,5;1218
calc_premio-473;E;10,5,10,5;1218
calc_premio-474;E;10,5,10,5;1223
firmar_mensaje-475;B;3,6,3;1228
calc_premio-476;E;10,5,10,5;1233
calc_puntaje_mensaje-477;A;6,1,2;1235
calc_puntaje_mensaje-478;A;6,1,2;1236
consultar_validez_mensaje-479;D;2,2;1238
calc_puntaje_mensaje-480;A;6,1,2;1240
calc_premio-481;E;10,5,10,5;1241
firmar_mensaje-482;B;3,6,3;1245
firmar_mensaje-483;B;3,6,3;1246
calc_premio-484;E;10,5,10,5;1247
calc_premio-485;E;10,5,10,5;1248
consultar_validez_mensaje-486;D;2,2;1250
calc_premio-487;E;10,5,10,5;1250
calc_puntaje_mensaje-488;A;6,1,2;1254
consultar_validez_mensaje-489;D;2,2;1257
calc_premio-490;E;10,5,10,5;1261
calc_puntaje_mensaje-491;A;6,1,2;1265
firmar_mensaje-492;B;3,6,3;1267
calc_premio-493;E;10,5,10,5;1267
consultar_validez_mensaje-494;D;2,2;1271
consultar_validez_mensaje-495;D;2,2;1276
firmar_mensaje-496;B;3,6,3;1280
calc_premio-497;E;10,5,10,5;1285
consultar_validez_mensaje-498;D;2,2;1287
firmar_mensaje-499;B;3,6,3;1290
calc_premio-500;E;10,5,10,5;1292
calc_premio-501;E;10,5,10,5;1295
calc_premio-502;E;10,5,10,5;1300
firmar_mensaje-503;B;3,6,3;1304
consultar_validez_mensaje-504;D;2,2;1307
consultar_validez_mensaje-505;D;2,2;1310
calc_puntaje_mensaje-506;A;6,1,2;1312
consultar_validez_mensaje-507;D;2,2;1314
consultar_validez_mensaje-508;D;2,2;1319
firmar_mensaje-509;B;3,6,3;1324
calc_puntaje_mensaje-510;A;6,1,2;1329
calc_nivel_confianza-511;C;5,2,5;1333
consultar_validez_mensaje-512;D;2,2;1336
calc_nivel_confianza-513;C;5,2,5;1336
consultar_validez_mensaje-514;D;2,2;1338
consultar_validez_mensaje-515;D;2,2;1342
calc_puntaje_mensaje-516;A;6,1,2;1342
calc_puntaje_mensaje-517;A;6,1,2;1344
calc_premio-518;E;10,5,10,5;1349
consultar_validez_mensaje-519;D;2,2;1349
calc_premio-520;E;10,5,10,5;1352
calc_puntaje_mensaje-521;A;6,1,2;1354
consultar_validez_mensaje-522;D;2,2;1356
calc_nivel_confianza-523;C;5,2,5;1360
consultar_validez_mensaje-524;D;2,2;1362
firmar_mensaje-525;B;3,6,3;1365
calc_premio-526;E;10,5,10,5;1370
firmar_mensaje-527;B;3,6,3;1371
calc_nivel_confianza-528;C;5,2,5;1371
calc_nivel_confianza-529;C;5,2,5;1375
consultar_validez_mensaje-530;D;2,2;1379
calc_nivel_confianza-531;C;5,2,5;1379
firmar_mensaje-532;B;3,6,3;1382
calc_nivel_confianza-533;C;5,2,5;1386
calc_puntaje_mensaje-534;A;6,1,2;1390
calc_nivel_confianza-535;C;5,2,5;1390
calc_nivel_confianza-536;C;5,2,5;1391
calc_nivel_confianza-537;C;5,2,5;1393
firmar_mensaje-538;B;3,6,3;1393
calc_nivel_confianza-539;C;5,2,5;1397
firmar_mensaje-540;B;3,6,3;1399
firmar_mensaje-541;B;3,6,3;1399
consultar_validez_mensaje-542;D;2,2;1400
consultar_validez_mensaje-543;D;2,2;1402
consultar_validez_mensaje-544;D;2,2;1404
calc_puntaje_mensaje-545;A;6,1,2;1404
calc_nivel_confianza-546;C;5,2,5;1404
consultar_validez_mensaje-547;D;2,2;1406
calc_premio-548;E;10,5,10,5;1407
calc_puntaje_mensaje-549;A;6,1,2;1411
consultar_validez_mensaje-550;D;2,2;1411
calc_puntaje_mensaje-551;A;6,1,2;1412
firmar_mensaje-552;B;3,6,3;1413
consultar_validez_mensaje-553;D;2,2;1414
calc_nivel_confianza-554;C;5,2,5;1417
calc_puntaje_mensaje-555;A;6,1,2;1419
consultar_validez_mensaje-556;D;2,2;1421
consultar_validez_mensaje-557;D;2,2;1425
consultar_validez_mensaje-558;D;2,2;1430
calc_premio-559;E;10,5,10,5;1433
firmar_mensaje-560;B;3,6,3;1434
consultar_validez_mensaje-561;D;2,2;1434
calc_nivel_confianza-562;C;5,2,5;1439
calc_premio-563;E;10,5,10,5;1439
calc_puntaje_mensaje-564;A;6,1,2;1442
calc_nivel_confianza-565;C;5,2,5;1445
consultar_validez_mensaje-566;D;2,2;1448
firmar_mensaje-567;B;3,6,3;1448
firmar_mensaje-568;B;3,6,3;1450
calc_puntaje_mensaje-569;A;6,1,2;1450
calc_puntaje_mensaje-570;A;6,1,2;1450
firmar_mensaje-571;B;3,6,3;1450
calc_nivel_confianza-572;C;5,2,5;1454
calc_nivel_confianza-573;C;5,2,5;1457
calc_premio-574;E;10,5,10,5;1459
calc_nivel_confianza-575;C;5,2,5;1460
firmar_mensaje-576;B;3,6,3;1460
consultar_validez_mensaje-577;D;2,2;1460
calc_nivel_confianza-578;C;5,2,5;1463
consultar_validez_mensaje-579;D;2,2;1467
calc_nivel_confianza-580;C;5,2,5;1469
calc_premio-581;E;10,5,10,5;1474
calc_nivel_confianza-582;C;5,2,5;1478
firmar_mensaje-583;B;3,6,3;1478
calc_nivel_confianza-584;C;5,2,5;1478
firmar_mensaje-585;B;3,6,3;1481
calc_premio-586;E;10,5,10,5;1486
consultar_validez_mensaje-587;D;2,2;1491
consultar_validez_mensaje-588;D;2,2;1493
calc_puntaje_mensaje-589;A;6,1,2;1498
calc_nivel_confianza-590;C;5,2,5;1498
calc_puntaje_mensaje-591;A;6,1,2;1502
calc_premio-592;E;10,5,10,5;1505
consultar_validez_mensaje-593;D;2,2;1507
calc_nivel_confianza-594;C;5,2,5;1509
firmar_mensaje-595;B;3,6,3;1511
consultar_validez_mensaje-596;D;2,2;1511
firmar_mensaje-597;B;3,6,3;1513
consultar_validez_mensaje-598;D;2,2;1514
calc_premio-599;E;10,5,10,5;1516
firmar_mensaje-600;B;3,6,3;1521
calc_nivel_confianza-601;C;5,2,5;1522
firmar_mensaje-602;B;3,6,3;1523
calc_premio-603;E;10,5,10,5;1523
consultar_validez_mensaje-604;D;2,2;1526
firmar_mensaje-605;B;3,6,3;1531
consultar_validez_mensaje-606;D;2,2;1534
calc_premio-607;E;10,5,10,5;1538
calc_puntaje_mensaje-608;A;6,1,2;1540
firmar_mensaje-609;B;3,6,3;1545
calc_puntaje_mensaje-610;A;6,1,2;1546
calc_puntaje_mensaje-611;A;6,1,2;1550
firmar_mensaje-612;B;3,6,3;1554
consultar_validez_mensaje-613;D;2,2;1559
calc_nivel_confianza-614;C;5,2,5;1562
firmar_mensaje-615;B;3,6,3;1562
calc_premio-616;E;10,5,10,5;1564
firmar_mensaje-617;B;3,6,3;1569
calc_nivel_confianza-618;C;5,2,5;1574
calc_premio-619;E;10,5,10,5;1577
consultar_validez_mensaje-620;D;2,2;1582
calc_puntaje_mensaje-621;A;6,1,2;1584
firmar_mensaje-622;B;3,6,3;1587
consultar_validez_mensaje-623;D;2,2;1591
calc_nivel_confianza-624;C;5,2,5;1591
consultar_validez_mensaje-625;D;2,2;1591
calc_nivel_confianza-626;C;5,2,5;1596
firmar_mensaje-627;B;3,6,3;1598
firmar_mensaje-628;B;3,6,3;1602
consultar_validez_mensaje-629;D;2,2;1605
consultar_validez_mensaje-630;D;2,2;1610
calc_nivel_confianza-631;C;5,2,5;1614
calc_nivel_confianza-632;C;5,2,5;1614
calc_puntaje_mensaje-633;A;6,1,2;1618
firmar_mensaje-634;B;3,6,3;1621
consultar_validez_mensaje-635;D;2,2;1621
consultar_validez_mensaje-636;D;2,2;1621
calc_puntaje_mensaje-637;A;6,1,2;1624
calc_premio-638;E;10,5,10,5;1629
calc_premio-639;E;10,5,10,5;1629
firmar_mensaje-640;B;3,6,3;1631
calc_puntaje_mensaje-641;A;6,1,2;1633
calc_nivel_confianza-642;C;5,2,5;1633
calc_nivel_confianza-643;C;5,2,5;1637
consultar_validez_mensaje-644;D;2,2;1641
calc_premio-645;E;10,5,10,5;1644
firmar_mensaje-646;B;3,6,3;1648
firmar_mensaje-647;B;3,6,3;1653
consultar_validez_mensaje-648;D;2,2;1656
firmar_mensaje-649;B;3,6,3;1656
calc_puntaje_mensaje-650;A;6,1,2;1659
firmar_mensaje-651;B;3,6,3;1661
calc_premio-652;E;10,5,10,5;1662
firmar_mensaje-653;B;3,6,3;1665
consultar_validez_mensaje-654;D;2,2;1667
consultar_validez_mensaje-655;D;2,2;1672
consultar_validez_mensaje-656;D;2,2;1677
calc_premio-657;E;10,5,10,5;1678
calc_nivel_confianza-658;C;5,2,5;1679
consultar_validez_mensaje-659;D;2,2;1681
calc_puntaje_mensaje-660;A;6,1,2;1684
calc_puntaje_mensaje-661;A;6,1,2;1686
calc_puntaje_mensaje-662;A;6,1,2;1686
calc_nivel_confianza-663;C;5,2,5;1688
calc_nivel_confianza-664;C;5,2,5;1688
calc_puntaje_mensaje-665;A;6,1,2;1691
calc_premio-666;E;10,5,10,5;1693
firmar_mensaje-667;B;3,6,3;1694
firmar_mensaje-668;B;3,6,3;1698
firmar_mensaje-669;B;3,6,3;1703
calc_nivel_confianza-670;C;5,2,5;1706
calc_puntaje_mensaje-671;A;6,1,2;1708
firmar_mensaje-672;B;3,6,3;1713
calc_nivel_confianza-673;C;5,2,5;1715
firmar_mensaje-674;B;3,6,3;1715
firmar_mensaje-675;B;3,6,3;1718
calc_nivel_confianza-676;C;5,2,5;1718
calc_premio-677;E;10,5,10,5;1720
calc_premio-678;E;10,5,10,5;1720
calc_puntaje_mensaje-679;A;6,1,2;1721
firmar_mensaje-680;B;3,6,3;1723
calc_puntaje_mensaje-681;A;6,1,2;1724
firmar_mensaje-682;B;3,6,3;1728
calc_premio-683;E;10,5,10,5;1731
firmar_mensaje-684;B;3,6,3;1735
firmar_mensaje-685;B;3,6,3;1736
calc_puntaje_mensaje-686;A;6,1,2;1740
consultar_validez_mensaje-687;D;2,2;1745
consultar_validez_mensaje-688;D;2,2;1747
calc_nivel_confianza-689;C;5,2,5;1752
firmar_mensaje-690;B;3,6,3;1756
calc_nivel_confianza-691;C;5,2,5;1757
calc_nivel_confianza-692;C;5,2,5;1761
calc_puntaje_mensaje-693;A;6,1,2;1766
calc_premio-694;E;10,5,10,5;1768
calc_puntaje_mensaje-695;A;6,1,2;1770
calc_premio-696;E;10,5,10,5;1772
consultar_validez_mensaje-697;D;2,2;1777
firmar_mensaje-698;B;3,6,3;1779
calc_puntaje_mensaje-699;A;6,1,2;1781
firmar_mensaje-700;B;3,6,3;1784
calc_puntaje_mensaje-701;A;6,1,2;1785
consultar_validez_mensaje-702;D;2,2;1790
calc_nivel_confianza-703;C;5,2,5;1790
firmar_mensaje-704;B;3,6,3;1793
calc_puntaje_mensaje-705;A;6,1,2;1795
firmar_mensaje-706;B;3,6,3;1798
firmar_mensaje-707;B;3,6,3;1803
calc_nivel_confianza-708;C;5,2,5;1806
consultar_validez_mensaje-709;D;2,2;1807
calc_nivel_confianza-710;C;5,2,5;1809
consultar_validez_mensaje-711;D;2,2;1810
firmar_mensaje-712;B;3,6,3;1814
consultar_validez_mensaje-713;D;2,2;1819
calc_puntaje_mensaje-714;A;6,1,2;1819
consultar_validez_mensaje-715;D;2,2;1824
firmar_mensaje-716;B;3,6,3;1829
calc_puntaje_mensaje-717;A;6,1,2;1834
calc_puntaje_mensaje-718;A;6,1,2;1838
firmar_mensaje-719;B;3,6,3;1840
consultar_validez_mensaje-720;D;2,2;1843
calc_puntaje_mensaje-721;A;6,1,2;1846
consultar_validez_mensaje-722;D;2,2;1848
consultar_validez_mensaje-723;D;2,2;1848
consultar_validez_mensaje-724;D;2,2;1849
firmar_mensaje-725;B;3,6,3;1849
calc_puntaje_mensaje-726;A;6,1,2;1853
calc_premio-727;E;10,5,10,5;1855
calc_nivel_confianza-728;C;5,2,5;1859
calc_nivel_confianza-729;C;5,2,5;1861
consultar_validez_mensaje-730;D;2,2;1862
calc_puntaje_mensaje-731;A;6,1,2;1863
calc_nivel_confianza-732;C;5,2,5;1866
calc_premio-733;E;10,5,10,5;1869
firmar_mensaje-734;B;3,6,3;1873
consultar_validez_mensaje-735;D;2,2;1877
calc_nivel_confianza-736;C;5,2,5;1878
calc_nivel_confianza-737;C;5,2,5;1879
calc_premio-738;E;10,5,10,5;1882
consultar_validez_mensaje-739;D;2,2;1883
calc_premio-740;E;10,5,10,5;1887
consultar_validez_mensaje-741;D;2,2;1892
calc_premio-742;E;10,5,10,5;1895
calc_premio-743;E;10,5,10,5;1895
firmar_mensaje-744;B;3,6,3;1899
firmar_mensaje-745;B;3,6,3;1900
firmar_mensaje-746;B;3,6,3;1904
calc_premio-747;E;10,5,10,5;1904
firmar_mensaje-748;B;3,6,3;1906
firmar_mensaje-749;B;3,6,3;1909
calc_puntaje_mensaje-750;A;6,1,2;1910
firmar_mensaje-751;B;3,6,3;1914
calc_premio-752;E;10,5,10,5;1918
consultar_validez_mensaje-753;D;2,2;1921
calc_premio-754;E;10,5,10,5;1925
calc_puntaje_mensaje-755;A;6,1,2;1926
firmar_mensaje-756;B;3,6,3;1930
calc_puntaje_mensaje-757;A;6,1,2;1933
calc_premio-758;E;10,5,10,5;1938
calc_nivel_confianza-759;C;5,2,5;1941
firmar_mensaje-760;B;3,6,3;1944
consultar_validez_mensaje-761;D;2,2;1945
firmar_mensaje-762;B;3,6,3;1949
calc_nivel_confianza-763;C;5,2,5;1953
consultar_validez_mensaje-764;D;2,2;1953
consultar_validez_mensaje-765;D;2,2;1953
consultar_validez_mensaje-766;D;2,2;1958
firmar_mensaje-767;B;3,6,3;1958
calc_nivel_confianza-768;C;5,2,5;1960
consultar_validez_mensaje-769;D;2,2;1960
consultar_validez_mensaje-770;D;2,2;1960
consultar_validez_mensaje-771;D;2,2;1963
firmar_mensaje-772;B;3,6,3;1967
consultar_validez_mensaje-773;D;2,2;1969
calc_nivel_confianza-774;C;5,2,5;1970
firmar_mensaje-775;B;3,6,3;1974
firmar_mensaje-776;B;3,6,3;1975
calc_puntaje_mensaje-777;A;6,1,2;1977
firmar_mensaje-778;B;3,6,3;1980
calc_puntaje_mensaje-779;A;6,1,2;1980
firmar_mensaje-780;B;3,6,3;1983
calc_puntaje_mensaje-781;A;6,1,2;1987
firmar_mensaje-782;B;3,6,3;1991
firmar_mensaje-783;B;3,6,3;1992
calc_nivel_confianza-784;C;5,2,5;1995
calc_nivel_confianza-785;C;5,2,5;1999
calc_nivel_confianza-786;C;5,2,5;2003
calc_nivel_confianza-787;C;5,2,5;2007
calc_puntaje_mensaje-788;A;6,1,2;2009
calc_premio-789;E;10,5,10,5;2009
firmar_mensaje-790;B;3,6,3;2011
calc_nivel_confianza-791;C;5,2,5;2015
calc_premio-792;E;10,5,10,5;2015
consultar_validez_mensaje-793;D;2,2;2016
calc_nivel_confianza-794;C;5,2,5;2019
calc_premio-795;E;10,5,10,5;2024
calc_nivel_confianza-796;C;5,2,5;2024
consultar_validez_mensaje-797;D;2,2;2026
calc_nivel_confianza-798;C;5,2,5;2027
calc_nivel_confianza-799;C;5,2,5;2032
firmar_mensaje-800;B;3,6,3;2037
calc_puntaje_mensaje-801;A;6,1,2;2037
calc_puntaje_mensaje-802;A;6,1,2;2040
calc_puntaje_mensaje-803;A;6,1,2;2041
calc_nivel_confianza-804;C;5,2,5;2044
calc_nivel_confianza-805;C;5,2,5;2048
calc_puntaje_mensaje-806;A;6,1,2;2049
calc_premio-807;E;10,5,10,5;2051
calc_premio-808;E;10,5,10,5;2056
calc_premio-809;E;10,5,10,5;2060
calc_puntaje_mensaje-810;A;6,1,2;2065
firmar_mensaje-811;B;3,6,3;2065
consultar_validez_mensaje-812;D;2,2;2068
consultar_validez_mensaje-813;D;2,2;2070
firmar_mensaje-814;B;3,6,3;2071
firmar_mensaje-815;B;3,6,3;2074
consultar_validez_mensaje-816;D;2,2;2076
consultar_validez_mensaje-817;D;2,2;2081
calc_puntaje_mensaje-818;A;6,1,2;2085
calc_nivel_confianza-819;C;5,2,5;2089
consultar_validez_mensaje-820;D;2,2;2092
calc_premio-821;E;10,5,10,5;2095
calc_premio-822;E;10,5,10,5;2095
calc_premio-823;E;10,5,10,5;2096
calc_premio-824;E;10,5,10,5;2101
calc_puntaje_mensaje-825;A;6,1,2;2102
firmar_mensaje-826;B;3,6,3;2102
firmar_mensaje-827;B;3,6,3;2105
calc_premio-828;E;10,5,10,5;2107
consultar_validez_mensaje-829;D;2,2;2111
calc_nivel_confianza-830;C;5,2,5;2114
calc_premio-831;E;10,5,10,5;2116
calc_premio-832;E;10,5,10,5;2119
calc_puntaje_mensaje-833;A;6,1,2;2119
calc_puntaje_mensaje-834;A;6,1,2;2119
calc_puntaje_mensaje-835;A;6,1,2;2119
calc_nivel_confianza-836;C;5,2,5;2124
calc_nivel_confianza-837;C;5,2,5;2125
consultar_validez_mensaje-838;D;2,2;2128
firmar_mensaje-839;B;3,6,3;2128
calc_nivel_confianza-840;C;5,2,5;2128
consultar_validez_mensaje-841;D;2,2;2128
firmar_mensaje-842;B;3,6,3;2128
calc_nivel_confianza-843;C;5,2,5;2132
calc_nivel_confianza-844;C;5,2,5;2136
calc_nivel_confianza-845;C;5,2,5;2141
calc_premio-846;E;10,5,10,5;2142
calc_premio-847;E;10,5,10,5;2144
calc_nivel_confianza-848;C;5,2,5;2149
calc_puntaje_mensaje-849;A;6,1,2;2152
firmar_mensaje-850;B;3,6,3;2156
calc_nivel_confianza-851;C;5,2,5;2157
calc_puntaje_mensaje-852;A;6,1,2;2158
calc_premio-853;E;10,5,10,5;2158
calc_puntaje_mensaje-854;A;6,1,2;2158
consultar_validez_mensaje-855;D;2,2;2162
calc_premio-856;E;10,5,10,5;2165
calc_premio-857;E;10,5,10,5;2165
firmar_mensaje-858;B;3,6,3;2170
calc_premio-859;E;10,5,10,5;2171
calc_nivel_confianza-860;C;5,2,5;2173
calc_puntaje_mensaje-861;A;6,1,2;2173
firmar_mensaje-862;B;3,6,3;2177
firmar_mensaje-863;B;3,6,3;2181
calc_puntaje_mensaje-864;A;6,1,2;2185
calc_nivel_confianza-865;C;5,2,5;2185
calc_nivel_confianza-866;C;5,2,5;2188
calc_nivel_confianza-867;C;5,2,5;2188
calc_premio-868;E;10,5,10,5;2189
firmar_mensaje-869;B;3,6,3;2191
calc_nivel_confianza-870;C;5,2,5;2194
calc_premio-871;E;10,5,10,5;2199
calc_premio-872;E;10,5,10,5;2199
calc_nivel_confianza-873;C;5,2,5;2201
calc_nivel_confianza-874;C;5,2,5;2202
calc_nivel_confianza-875;C;5,2,5;2205
calc_nivel_confianza-876;C;5,2,5;2205
firmar_mensaje-877;B;3,6,3;2209
consultar_validez_mensaje-878;D;2,2;2214
firmar_mensaje-879;B;3,6,3;2219
firmar_mensaje-880;B;3,6,3;2219
calc_nivel_confianza-881;C;5,2,5;2220
firmar_mensaje-882;B;3,6,3;2220
consultar_validez_mensaje-883;D;2,2;2225
calc_puntaje_mensaje-884;A;6,1,2;2228
calc_puntaje_mensaje-885;A;6,1,2;2228
firmar_mensaje-886;B;3,6,3;2232
calc_puntaje_mensaje-887;A;6,1,2;2236
calc_puntaje_mensaje-888;A;6,1,2;2241
calc_nivel_confianza-889;C;5,2,5;2244
calc_nivel_confianza-890;C;5,2,5;2247
calc_premio-891;E;10,5,10,5;2250
calc_nivel_confianza-892;C;5,2,5;2253
calc_premio-893;E;10,5,10,5;2256
firmar_mensaje-894;B;3,6,3;2260
calc_premio-895;E;10,5,10,5;2263
consultar_validez_mensaje-896;D;2,2;2263
firmar_mensaje-897;B;3,6,3;2266
calc_nivel_confianza-898;C;5,2,5;2268
consultar_validez_mensaje-899;D;2,2;2272
calc_nivel_confianza-900;C;5,2,5;2275
consultar_validez_mensaje-901;D;2,2;2280
calc_nivel_confianza-902;C;5,2,5;2283
calc_premio-903;E;10,5,10,5;2287
consultar_validez_mensaje-904;D;2,2;2290
calc_puntaje_mensaje-905;A;6,1,2;2295
firmar_mensaje-906;B;3,6,3;2298
calc_puntaje_mensaje-907;A;6,1,2;2298
consultar_validez_mensaje-908;D;2,2;2298
consultar_validez_mensaje-909;D;2,2;2303
calc_puntaje_mensaje-910;A;6,1,2;2306
calc_puntaje_mensaje-911;A;6,1,2;2306
calc_premio-912;E;10,5,10,5;2311
calc_puntaje_mensaje-913;A;6,1,2;2313
firmar_mensaje-914;B;3,6,3;2317
calc_puntaje_mensaje-915;A;6,1,2;2320
calc_premio-916;E;10,5,10,5;2321
calc_puntaje_mensaje-917;A;6,1,2;2322
calc_puntaje_mensaje-918;A;6,1,2;2323
calc_nivel_confianza-919;C;5,2,5;2325
calc_puntaje_mensaje-920;A;6,1,2;2326
consultar_validez_mensaje-921;D;2,2;2329
calc_premio-922;E;10,5,10,5;2329
calc_puntaje_mensaje-923;A;6,1,2;2332
consultar_validez_mensaje-924;D;2,2;2335
calc_premio-925;E;10,5,10,5;2336
calc_puntaje_mensaje-926;A;6,1,2;2340
calc_nivel_confianza-927;C;5,2,5;2343
firmar_mensaje-928;B;3,6,3;2347
consultar_validez_mensaje-929;D;2,2;2352
calc_puntaje_mensaje-930;A;6,1,2;2353
calc_premio-931;E;10,5,10,5;2356
firmar_mensaje-932;B;3,6,3;2357
calc_puntaje_mensaje-933;A;6,1,2;2362
firmar_mensaje-934;B;3,6,3;2367
calc_puntaje_mensaje-935;A;6,1,2;2368
calc_puntaje_mensaje-936;A;6,1,2;2373
calc_nivel_confianza-937;C;5,2,5;2376
firmar_mensaje-938;B;3,6,3;2378
calc_puntaje_mensaje-939;A;6,1,2;2379
calc_nivel_confianza-940;C;5,2,5;2381
calc_premio-941;E;10,5,10,5;2382
consultar_validez_mensaje-942;D;2,2;2386
calc_premio-943;E;10,5,10,5;2386
firmar_mensaje-944;B;3,6,3;2388
consultar_validez_mensaje-945;D;2,2;2389
consultar_validez_mensaje-946;D;2,2;2389
calc_premio-947;E;10,5,10,5;2393
calc_nivel_confianza-948;C;5,2,5;2398
firmar_mensaje-949;B;3,6,3;2400
calc_premio-950;E;10,5,10,5;2404
calc_nivel_confianza-951;C;5,2,5;2407
firmar_mensaje-952;B;3,6,3;2409
calc_premio-953;E;10,5,10,5;2412
calc_nivel_confianza-954;C;5,2,5;2412
calc_nivel_confianza-955;C;5,2,5;2416
calc_nivel_confianza-956;C;5,2,5;2420
calc_nivel_confianza-957;C;5,2,5;2424
consultar_validez_mensaje-958;D;2,2;2427
calc_puntaje_mensaje-959;A;6,1,2;2429
firmar_mensaje-960;B;3,6,3;2434
calc_nivel_confianza-961;C;5,2,5;2439
calc_nivel_confianza-962;C;5,2,5;2444
calc_nivel_confianza-963;C;5,2,5;2445
calc_nivel_confianza-964;C;5,2,5;2450
firmar_mensaje-965;B;3,6,3;2454
calc_nivel_confianza-966;C;5,2,5;2458
consultar_validez_mensaje-967;D;2,2;2463
consultar_validez_mensaje-968;D;2,2;2465
consultar_validez_mensaje-969;D;2,2;2468
firmar_mensaje-970;B;3,6,3;2471
calc_premio-971;E;10,5,10,5;2471
consultar_validez_mensaje-972;D;2,2;2473
calc_nivel_confianza-973;C;5,2,5;2477
calc_puntaje_mensaje-974;A;6,1,2;2477
consultar_validez_mensaje-975;D;2,2;2479
firmar_mensaje-976;B;3,6,3;2482
calc_puntaje_mensaje-977;A;6,1,2;2483
calc_puntaje_mensaje-978;A;6,1,2;2486
calc_puntaje_mensaje-979;A;6,1,2;2488
firmar_mensaje-980;B;3,6,3;2492
consultar_validez_mensaje-981;D;2,2;2497
calc_nivel_confianza-982;C;5,2,5;2498
calc_nivel_confianza-983;C;5,2,5;2499
calc_premio-984;E;10,5,10,5;2500
calc_nivel_confianza-985;C;5,2,5;2504
calc_premio-986;E;10,5,10,5;2507
consultar_validez_mensaje-987;D;2,2;2511
calc_nivel_confianza-988;C;5,2,5;2515
calc_puntaje_mensaje-989;A;6,1,2;2517
consultar_validez_mensaje-990;D;2,2;2517
calc_puntaje_mensaje-991;A;6,1,2;2517
calc_nivel_confianza-992;C;5,2,5;2519
calc_nivel_confianza-993;C;5,2,5;2520
calc_premio-994;E;10,5,10,5;2524
firmar_mensaje-995;B;3,6,3;2528
calc_premio-996;E;10,5,10,5;2533
firmar_mensaje-997;B;3,6,3;2538
consultar_validez_mensaje-998;D;2,2;2540
calc_puntaje_mensaje-999;A;6,1,2;2544
